AA Substitutions,count
NSP12_P323L,447
Spike_D614G,445
NSP3_T183I,444
Spike_D1118H,444
Spike_A570D,444
NSP3_A890D,442
NS8_Y73C,441
N_D3L,439
NS8_R52I,437
N_R203K,437
N_G204R,437
Spike_S982A,436
N_S235F),432
Spike_P681H,424
Spike_T716I,423
Spike_N501Y,411
NS8_Q27stop,385
NSP3_I1412T,358
Spike_Y144del,351
Spike_V70del,344
NSP6_G107del,341
NSP6_S106del,341
NSP6_F108del,341
(Spike_H69del,288
NS8_K68stop,212
NSP12_P227L,177
NSP2_L550F,96
Spike_D138H,84
Spike_F490S,74
NSP3_M1441I,73
Spike_H69del,56
(NS8_Q27stop,54
(NSP3_A1527V,34
NSP2_P568L,34
N_A217S,27
(N_A208V,22
NSP13_K460R,22
Spike_E583D,21
NSP3_E523D,20
NSP5_L75F,16
NSP3_E113D,14
(NSP13_D435N,13
Spike_P631S,13
NSP15_D282G,12
(NSP2_L550F,12
N_A208V,12
NSP14_P451S,11
Spike_D1153A,11
Spike_L5F,10
NSP3_E111D,10
NSP2_L462F,9
NSP10_I81V,9
NS3_V50F,9
NS7a_P34S,9
NSP6_L37F,9
NS3_L101F,8
NSP4_V13I,8
N_S235F,8
NSP6_F108A,8
Spike_A1070S,6
NS8_V62A,6
NSP2_P13L,6
NSP3_I273M,6
NS3_K132E,6
NSP16_V197A,6
NSP2_L608F,6
NSP12_E876D,6
NSP16_T140I,6
NSP14_E347G,6
NS7a_G38V,5
NSP3_D1809G,5
NSP1_V116L,5
NSP3_A150V,5
Spike_S982A),5
NSP2_P200H,5
NSP9_T35I,5
NSP16_R216N,5
(N_T135I,5
NSP3_T864I,4
NSP3_V325F,4
Spike_G261D,4
NSP3_I441T,4
NS3_T14I,4
E_F20L,4
NS3_D173N,4
Spike_H146Q,4
Spike_Y144L,4
Spike_Y145P,4
Spike_E654K,4
NS8_W45stop,4
N_Q418H,4
NSP14_N63T,4
Spike_V367F,4
Spike_K356R,4
NSP2_I349M,4
NS8_I58del,4
Spike_Y453H,3
Spike_K1266R,3
NSP5_M82I,3
NSP3_L672I),3
Spike_Y449H,3
NSP5_K90R,3
NSP16_T151I,3
NS3_V90F,3
N_D402Y,3
NSP3_T1462I,3
Spike_V143del,3
Spike_Y144F,3
NSP8_E155G,3
NS8_C102F,3
(NSP3_A1800V,3
NSP3_T1379I,3
NSP3_A1527V,3
NSP12_T141I,3
Spike_E780Q,3
NS3_Q57H,3
NSP5_P108S,2
NS3_D155Y,2
N_Q229H,2
Spike_P1263T,2
NSP13_P504L,2
NSP16_T35I,2
NSP14_N438del,2
N_P279L,2
NSP14_F286L,2
NSP3_T1677A,2
NSP4_A361V,2
N_P67S,2
NSP15_K34T,2
NSP13_D105N,2
NSP5_M264I,2
M_H125Y,2
NSP5_D153G,2
M_H155Y,2
N_Q389H,2
NS7a_H47Y,2
Spike_ins152K,2
NSP16_Y152F,2
Spike_L822F,2
NSP3_T133I,2
NSP3_K384N,2
NSP4_L264F,2
NSP2_Q134K,2
NSP3_T976I,2
NSP16_K160R,2
NSP3_Q1745H,2
NSP15_S288F,2
Spike_N679S,2
NSP16_I153V,2
NSP16_ins149S,2
NSP16_F150L,2
NSP3_L1791F,2
NSP16_E142K,2
NSP16_D144T,2
NS3_W45L,2
NSP16_S145L,2
NSP16_N143M,2
NS3_E239D,2
NSP16_E147R,2
NSP12_K478N,2
NSP3_S1375F,2
Spike_T76I,2
NSP14_Q441del,2
NSP14_K440del,2
NSP14_F436del,2
NSP14_P443del,2
NSP4_P166S,2
Spike_S254F,2
Spike_M153V,2
N_I320F,2
NSP1_E102Q,2
NSP14_V437del,2
NSP12_P227L),2
Spike_N148T,2
(NSP3_T183I,2
NSP14_F445del,2
NSP4_H36Y,2
M_I52T,2
NSP12_K783R,2
Spike_N149T,2
Spike_E154S,2
NSP6_V120S,2
NSP6_V114Y,2
NSP6_Y116C,2
Spike_ins150V,2
NSP6_A119C,2
NSP6_M115V,2
NSP6_A117I,2
NSP2_R52H,2
NS3_P262S,2
N_G18V,2
Spike_D627H,2
NSP13_M576I,2
Spike_A701V,2
Spike_Y145T,2
Spike_N149Q,2
Spike_N148Q,2
NSP14_L442del,2
NS3_V88L,2
NSP14_Y446del,2
NSP3_P1867T,2
NSP14_F444del,2
Spike_S151G,2
NSP14_L439del,2
Spike_H146T,2
NSP10_A104V,2
Spike_H655Y,2
N_M411I,2
Spike_D1260E,2
N_T391I,2
Spike_R765H,2
Spike_A845S,2
NS3_D27Y,2
NSP1_M85del,2
NSP14_T223del,1
NSP14_L280del,1
NSP14_Q245del,1
NSP14_H229del,1
NSP14_G251del,1
NSP14_W227del,1
NSP14_S271del,1
(NSP14_C484del,1
NSP14_V236del,1
NSP14_A214del,1
NSP14_A225del,1
NSP14_L253del,1
NSP14_C261del,1
NSP14_Y260del,1
NSP14_H424del,1
NSP14_N266del,1
NSP14_C279del),1
NSP14_A430del,1
NSP14_P429del,1
NSP14_K433del,1
NSP14_H427del,1
NSP14_T428del,1
NSP14_K423del,1
NSP14_V421del,1
NSP14_L419del,1
NSP14_F426del,1
NSP14_F431del,1
NSP14_Y420del,1
NSP14_A435del,1
NSP14_S418del,1
NSP14_D432del,1
NSP14_A425del,1
NSP14_N422del,1
NSP14_S434del,1
N_P13L,1
Spike_P9L,1
NSP3_V201A,1
NSP14_S218del,1
NSP14_F233del,1
NSP14_E284Q,1
NSP14_M276del,1
NSP14_C272del,1
NSP14_A274del,1
NSP14_R213del,1
NSP14_N252del,1
NSP14_H268del,1
NSP14_F240del,1
NSP14_N256del,1
NSP2_A357V,1
NSP14_S221del,1
NSP14_R278del,1
NSP14_G265del,1
NSP14_H264del,1
NSP14_Q246del,1
NSP6_K109R,1
NSP14_W247del,1
(NSP14_Q262del,1
NSP16_I169L,1
NSP14_I242del,1
Spike_T678I,1
NSP5_P96S,1
NSP4_L438P,1
NS8_A65V,1
NSP6_F184V,1
NSP8_L184F,1
NSP14_L177F,1
NSP3_V1420I,1
(NSP8_E155G,1
NSP16_K170stop,1
NSP3_V473F,1
N_A208S,1
NSP3_A1736V,1
NS3_L86F,1
NSP6_F108K,1
NSP6_G107A,1
NSP6_D112del,1
NSP14_A270del,1
NSP14_H283del,1
NSP14_Y235del,1
NSP14_M241del,1
NSP14_Y224del,1
NSP14_D234del,1
NSP14_F249del,1
NSP14_Q254del,1
NSP14_D273del,1
NSP14_A220del,1
NSP14_G248del,1
NSP14_N238del,1
NSP14_V244del,1
NSP14_A267del,1
NSP14_H257del,1
NSP14_Y237del,1
NSP14_V282del,1
NSP14_V263del,1
NSP14_F217del,1
NSP14_T277del,1
NSP14_I275del,1
NSP14_C226del,1
NSP14_C216del,1
NSP14_H228del,1
NSP14_S230del,1
NSP14_T250del,1
NSP14_P239del,1
NSP14_L259del,1
NSP14_G232del,1
NSP14_V269del,1
NSP14_A281del,1
NSP14_S255del,1
NSP14_D258del,1
NSP14_L495del,1
NSP14_T215del,1
NSP14_I231del,1
NSP14_T219del,1
NSP14_D222del,1
NSP14_D243del,1
NSP14_E453del,1
NSP14_H455del,1
NSP14_R492del,1
NSP14_D496del,1
NS3_W131C,1
NS6_E13D,1
NSP14_E364G,1
NSP2_H145Y,1
NS3_C148Y,1
NSP4_L297F,1
NS3_L108F,1
Spike_T208S,1
NSP1_H81Y,1
N_G18C,1
NSP12_N9K,1
NSP3_P679S,1
NSP3_K1804N,1
NSP12_L8F,1
NSP15_D282H,1
NSP2_S196L,1
NSP15_K12N,1
N_L230F,1
NS3_D155E,1
NSP3_L1078F,1
Spike_V1133F,1
(Spike_V382L,1
NSP3_D1688B,1
Spike_D53N,1
NS3_L41F,1
NSP3_P1228S,1
NS7a_I10V,1
NSP3_F1354L,1
NS8_Q18H,1
Spike_D1146H,1
NSP1_L149F,1
NSP8_N140B,1
NSP4_L106F,1
N_R276K,1
NSP16_I267T,1
NS3_Q185H,1
Spike_M1229I,1
NSP14_A371V,1
NS8_F3L,1
NS3_L65F,1
NSP14_V125F,1
NSP15_W332C,1
NS3_R134L,1
Spike_R190K,1
Spike_K150E,1
NSP12_V166L,1
NSP15_D124Y,1
N_A173V,1
N_G236V,1
NSP14_P203L,1
NSP3_L672J),1
(Spike_Q493L,1
Spike_Q52H,1
NSP6_T172I,1
Spike_P812S,1
NSP3_Q180H,1
Spike_P251L,1
NSP6_A128V,1
NSP3_L1328F,1
N_G236S,1
NSP12_Q357stop,1
NSP13_M474I,1
(NSP6_Q160R,1
NSP2_G327S,1
NSP5_D34N,1
Spike_S1242I,1
Spike_H146del,1
Spike_Y144del),1
Spike_Q14H,1
Spike_Y200C,1
NS8_E110stop,1
NSP3_K1916R,1
NSP14_H427Q,1
NSP6_L239J,1
Spike_T883I,1
NS8_E64stop,1
NSP3_E1271G,1
NS7a_G26C,1
Spike_E156D,1
Spike_L242P,1
NSP3_M1593L,1
NSP4_S40L,1
NSP12_A16V,1
NSP2_V447I,1
Spike_Q675H,1
Spike_K814R,1
NSP5_N119B,1
NSP3_V1522A,1
NSP14_D462del,1
NSP14_Y498del,1
NSP14_L493del,1
NSP14_K469del,1
NSP6_L98F,1
NSP14_G481del,1
NSP14_C473del,1
NSP14_P467del,1
NSP14_T472del,1
NSP14_I502del,1
NSP14_V459del,1
NSP14_S450del,1
NSP14_L468del,1
NSP14_S454del,1
NSP14_A471del,1
NSP14_M501del,1
NSP14_V483del,1
NSP14_Y447del,1
NSP14_P451del,1
NSP14_A488del,1
NSP14_S470del,1
NSP14_L479del,1
NSP14_V460del,1
NSP14_V466del,1
NSP14_D449del,1
NSP14_D464del,1
NSP14_H486del,1
NSP14_S503del,1
NSP14_H487del,1
NSP14_R476del,1
NSP14_Y491del,1
NSP14_I463del,1
NSP14_N489del,1
NSP14_Q458del,1
NSP14_E490del,1
NSP14_A482del,1
NSP14_T475del,1
NSP14_I474del,1
NSP14_A497del,1
NSP14_M500del,1
NSP14_Y494del,1
NSP14_C477del,1
NSP14_C452del,1
(NSP3_T1275I,1
NSP1_V84I,1
NS8_I76T,1
NSP3_D117Y,1
NSP3_T619K,1
Spike_F140del,1
NSP12_D879Y,1
NS7b_L20F,1
NSP12_P94S,1
NSP3_S582L,1
NSP14_P297S,1
Spike_V6F,1
NSP3_S126L,1
Spike_F1109L,1
NS8_T87I,1
NSP4_P168S,1
NSP3_N305S,1
NSP13_T214I),1
NSP3_K1923E,1
(NS3_K132E,1
NSP7_D38N,1
N_S187P,1
NSP14_S461del,1
NSP14_Y465del,1
NSP14_S448del,1
NSP14_G456del,1
NSP14_R485del,1
NSP14_G480del,1
NSP6_K111del,1
NSP14_N478del,1
NSP14_N499del,1
NSP14_K457del,1
NSP3_A991V,1
NSP5_T225I,1
NS7a_I3M,1
NSP4_I292V,1
NS6_E59D,1
NSP2_T412I,1
NSP12_Q822H,1
NSP4_V20F,1
NSP15_V66L,1
E_V58F,1
NSP2_S430L,1
NSP1_S142del,1
NSP12_R750L,1
Spike_G1085R,1
NSP12_M124I,1
NSP15_V69M,1
Spike_P26S,1
NSP2_K618N,1
N_A156S,1
N_K369N,1
NSP6_A46V,1
NS3_I246V,1
NSP14_Q354H,1
NSP13_R392C,1
NSP1_H83del,1
NSP1_G82del,1
(NSP16_A116V,1
NS7a_D69del,1
NSP2_E558K,1
N_A119S,1
NS3_S60T,1
NS7a_T57del,1
NS7a_T61del,1
NSP5_D34H,1
Spike_R1185S,1
NSP14_S507N,1
Spike_T22I,1
Spike_S12del,1
NS7a_S81L,1
Spike_V16del,1
NSP14_S434I,1
Spike_C15del,1
Spike_S13del,1
Spike_Q14del,1
Spike_V11del,1
Spike_D1163N,1
NS7a_S83L,1
NSP6_M183I,1
M_A2V,1
Spike_D138Y,1
N_R319H,1
NSP2_T547I,1
NSP14_Q22H,1
Spike_A243del,1
Spike_L244del,1
NSP3_V1777A,1
NS7a_V71del,1
NS7a_C58del,1
NS7a_K72del,1
NS7a_F63del,1
NSP3_L1034F,1
NS7a_Y75H,1
NSP3_T1056K,1
NSP3_E1052H,1
NS7a_K72T,1
NS7a_S60Q,1
NS7a_Q62S,1
NS7a_H73N,1
NSP3_Y1055H,1
NS7a_V71I,1
NS7a_T61I,1
NSP3_K1051Q,1
NSP3_T1036Y,1
NSP2_T170I,1
NSP3_E1213D,1
NSP3_T1180I,1
NSP2_S543Y,1
NSP3_V1824I,1
(NSP3_N1247K,1
NSP3_S1054N,1
NSP3_Y1050L,1
NS7a_A79F,1
NS7a_Q62del,1
NS7a_G70del,1
NS7a_P68del,1
NSP2_I559L,1
NS7a_S60del,1
NS7a_A66del,1
NS7a_C67del,1
NS7a_A64del,1
NS7a_F65del,1
NSP5_W207C,1
NSP3_L1035T,1
NS7a_F59del,1
NSP3_G145C,1
N_E378Q,1
NS7a_V74L,1
NS7a_R78A,1
NS7a_Q76stop,1
NSP3_ins1051RKQL,1
NSP3_T1058S,1
NSP8_T89A,1
NSP3_R646W,1
NSP3_E522D,1
NSP4_F337I,1
NSP4_G309P,1
NSP4_Y352S,1
NSP4_L331Y,1
NSP4_L347Y,1
NSP4_M324L,1
NSP4_S358N,1
NSP4_Y348V,1
NSP4_T327C,1
NSP4_V328L,1
NSP4_ins308WstopIQSCSCLstopYFTI,1
NSP4_P333L,1
NSP4_L323I,1
NSP4_Q364Y,1
NSP4_N355L,1
NSP4_S325T,1
NSP4_I345D,1
NSP4_F322L,1
NSP4_R305stop,1
NSP4_A361Y,1
NSP4_R306K,1
(NSP4_M368A,1
NSP3_R352H,1
Spike_C1247F,1
NSP1_H110Y,1
NSP3_T350I,1
NSP8_T89I,1
N_K405R,1
NS3_A103P,1
NSP13_S350L,1
NS8_D75Y,1
NS8_Y73H,1
NS8_I74L,1
NSP3_G476D,1
NSP4_A446V,1
NSP2_H237R,1
NSP12_E744D,1
N_G238V,1
N_S413I,1
NSP2_L567F,1
NSP2_D43G,1
NSP2_P624S,1
Spike_W152L,1
NSP4_L320S,1
NSP4_F326W,1
NSP4_V367K,1
NSP4_Y346G,1
NSP4_F304V,1
NSP4_T354F,1
NSP4_G340S,1
NSP4_V357N,1
NSP4_A307S),1
NSP2_M418V,1
NSP3_T3A,1
NSP3_D59G,1
Spike_D1041G,1
(N_Q229H,1
NSP3_Q1692R,1
NSP2_V48I,1
NSP4_T37I,1
NSP9_M101I,1
NSP13_L581F,1
Spike_A623S,1
E_C44F,1
NSP3_P1261L,1
Spike_M731I,1
NSP4_ins339YstopstopCFFF,1
NSP4_Y311V,1
NSP4_A316L,1
NSP4_M366H,1
NSP4_D50G,1
NSP4_F359C,1
NSP4_T332L,1
NSP4_V315T,1
NSP4_E310Y,1
NSP4_V341T,1
NSP4_S312I,1
NSP4_L353T,1
NSP4_V314C,1
NSP4_W365F,1
NSP4_L349H,1
NSP4_S336D,1
NSP4_L329F,1
NSP4_Y335L,1
NSP4_M302Y,1
NSP4_P339S,1
NSP4_R303E,1
NSP4_I363L,1
NSP3_T1465I,1
NSP2_Q496F,1
NSP3_V1201F,1
NSP3_L1511F,1
NSP13_H290W,1
NSP3_F1519V,1
NSP9_Q49H,1
NSP3_L1523T,1
NSP13_Q275G,1
NSP13_A292W,1
NSP13_A316L,1
NSP5_E166Q,1
NSP3_G1691V,1
NSP13_Y217L,1
NSP13_G273S,1
NSP3_R1518stop,1
NSP13_T279K,1
NSP13_L219I,1
NSP13_Y269del,1
NSP3_A1527I,1
NSP13_Q270del,1
NSP13_N268del,1
NSP5_M162I,1
NSP13_S263F,1
NSP3_S1542A,1
NSP13_L295S,1
NSP13_L297C,1
NSP5_M165Y,1
NSP13_A312S,1
NSP3_T1517H,1
NSP13_V314Y,1
NSP5_H164N,1
NSP13_T307del,1
NSP13_M274K,1
NSP3_I1514Y,1
NS3_L65I,1
NSP3_Y1521L,1
NSP13_G287del,1
NSP3_M1529F,1
NSP13_Y299W,1
NSP3_G1524W,1
NSP13_S264stop,1
NSP7_S61F,1
NSP13_A302S,1
NSP13_A338V,1
NSP3_I1528V,1
NSP5_ins159VT,1
NSP13_V266C),1
M_L129V,1
NSP12_S433I,1
NSP16_V139L,1
Spike_P499R,1
NSP16_K135R,1
NSP7_L56F,1
NSP13_P53L,1
NSP16_G148V),1
Spike_Q52Z,1
NSP6_K111R,1
NSP6_L110K,1
NSP6_D112L,1
NSP6_Q160R,1
NSP6_K109A,1
NS3_L71J,1
NS7a_L102J,1
NSP3_E122D,1
NSP3_A1311V,1
M_I8T,1
Spike_Q1201H,1
NS8_R101C,1
NSP16_P134L,1
NSP16_T140Q,1
Spike_V62I,1
NSP3_T428I,1
NS3_A33V,1
N_Q283K,1
NSP1_F143del,1
NSP1_K141del,1
NS7a_A106S,1
(Spike_T1009I,1
NSP2_M117V,1
NS3_S26L,1
NSP13_F475I,1
NSP16_N138M,1
NSP13_M429V,1
Spike_T1009I,1
NSP3_P822L,1
Spike_A1078S,1
NSP16_T136L,1
Spike_Q493K,1
M_L29F,1
NS3_T223I,1
NSP13_Y306F,1
NSP13_D315S,1
E_F56L,1
NSP3_L1791S,1
NSP14_L322F,1
NSP3_S1615P,1
Spike_V1129I,1
NSP2_A318V,1
NSP3_A614V,1
NSP13_I258T,1
NS8_F120L,1
NSP2_T528I,1
NSP2_E563D,1
Spike_H1058Y,1
Spike_Q675L,1
NSP2_T153M,1
NSP4_L297I,1
(NSP15_P262L,1
N_K373N,1
NSP3_P340L,1
NSP3_P153L,1
NSP2_T160I,1
NSP13_A598V,1
NS3_T269S,1
NSP3_R1613E,1
NSP5_Y161T,1
NSP3_M1788W,1
M_M1I,1
NSP3_P340S,1
NSP3_E1271D,1
NSP2_N8D,1
NSP3_A690V,1
NS3_G187C,1
NSP16_G148V,1
NSP3_T1056I,1
NSP3_T1004I,1
NSP3_H101Y,1
Spike_F186L,1
N_A273S,1
(NSP10_L138F,1
NSP3_R1614G,1
NSP3_K1790N,1
NSP3_P1787Q,1
NSP3_V1612L,1
NSP3_E1789K,1
NSP3_G1611V,1
NS3_W131L,1
NSP12_P227S,1
NSP3_A274T,1
Spike_I805V,1
NSP13_V305P,1
NSP13_G282Y,1
NSP3_V1522C,1
NSP13_L280V,1
NSP13_S289T,1
NSP13_K288del,1
NSP13_A296F,1
NSP13_N265Q,1
NSP13_V272L,1
NSP13_A313V,1
NSP3_I1541L,1
NSP13_K276W,1
NSP13_G294E,1
NSP3_A1512G,1
NSP3_Y1535T,1
NSP4_L486F,1
NSP13_I304L,1
NSP3_L1515S,1
NSP5_H163W,1
NSP3_ins1525GCNH,1
NSP13_S278A,1
NSP13_R303L,1
NSP3_L1525I,1
NSP12_K91R,1
NS3_S171L,1
NSP13_M429I,1
NSP6_L71S,1
(NSP3_N305K,1
NS3_L71I,1
NSP13_I293stop,1
NSP3_A1537Y,1
NSP13_F291Y,1
NSP13_A267C,1
NSP13_A308del,1
Spike_Y917stop,1
NSP13_P283T,1
NSP3_Y1513I,1
Spike_E918K,1
NSP3_F1533C,1
NSP13_Q281F,1
NSP13_K218Q,1
NSP4_H36R,1
